{"cameraMode":{"drawMode":0,"name":"Shaded","section":"Shading Mode"},"sceneLighting":true,"audioPlay":false,"sceneViewState":{"m_AlwaysRefresh":false,"showFog":true,"showSkybox":true,"showFlares":true,"showImageEffects":true,"showParticleSystems":true,"showVisualEffectGraphs":true,"m_FxEnabled":true},"in2DMode":false,"pivot":{"x":1.6376296281814576,"y":16.315813064575197,"z":-11.240846633911133},"rotation":{"x":0.18345506489276887,"y":0.007339799776673317,"z":-0.00138487305957824,"w":0.9830362796783447},"size":21.132692337036134,"orthographic":false}