{"cameraMode":{"drawMode":0,"name":"Shaded","section":"Shading Mode"},"sceneLighting":true,"audioPlay":false,"sceneViewState":{"m_AlwaysRefresh":false,"showFog":true,"showSkybox":true,"showFlares":true,"showImageEffects":true,"showParticleSystems":true,"showVisualEffectGraphs":true,"m_FxEnabled":true},"in2DMode":false,"pivot":{"x":-55.532142639160159,"y":22.750049591064454,"z":-13.939226150512696},"rotation":{"x":-0.48085230588912966,"y":0.30359798669815066,"z":-0.18198750913143159,"w":-0.8021837472915649},"size":15.62659740447998,"orthographic":false}