{"cameraMode":{"drawMode":0,"name":"Shaded","section":"Shading Mode"},"sceneLighting":true,"audioPlay":false,"sceneViewState":{"m_AlwaysRefresh":false,"showFog":true,"showSkybox":true,"showFlares":true,"showImageEffects":true,"showParticleSystems":true,"showVisualEffectGraphs":true,"m_FxEnabled":true},"in2DMode":false,"pivot":{"x":-1.624340295791626,"y":0.7583410739898682,"z":-20.77139663696289},"rotation":{"x":0.36268794536590578,"y":0.03353897109627724,"z":-0.01305308472365141,"w":0.9312286972999573},"size":1.9296191930770875,"orthographic":false}